{
    "precision": 0.5911111111111111,
    "recall": 1.0,
    "f1": 0.7430167597765364,
    "scores_by_location": {
        "Not Present": {
            "precision": null,
            "recall": null,
            "f1": null
        },
        "Page Text": {
            "precision": 1.0,
            "recall": 1.0,
            "f1": 1.0
        },
        "Page Text, Table Caption": {
            "precision": 1.0,
            "recall": 1.0,
            "f1": 1.0
        },
        "Page Text, Table Caption, Table Column": {
            "precision": 1.0,
            "recall": 1.0,
            "f1": 1.0
        },
        "Page Text, Table Caption, Table Header": {
            "precision": 0.44,
            "recall": 1.0,
            "f1": 0.6111111111111112
        },
        "Page Text, Table Column": {
            "precision": 1.0,
            "recall": 1.0,
            "f1": 1.0
        },
        "Page Text, Table Header, Table Cell": {
            "precision": 0.1111111111111111,
            "recall": 1.0,
            "f1": 0.19999999999999998
        },
        "Table Column": {
            "precision": 0.6489795918367347,
            "recall": 1.0,
            "f1": 0.7871287128712872
        },
        "Table Column, Page Text": {
            "precision": 0.2727272727272727,
            "recall": 1.0,
            "f1": 0.42857142857142855
        },
        "Table Header": {
            "precision": 0.1111111111111111,
            "recall": 1.0,
            "f1": 0.19999999999999998
        },
        "table": {
            "precision": 0.3333333333333333,
            "recall": 1.0,
            "f1": 0.5
        },
        "text": {
            "precision": 0.125,
            "recall": 1.0,
            "f1": 0.2222222222222222
        }
    }
}