{
    "precision": 0.001215589623626718,
    "recall": 0.1305908750934929,
    "f1": 0.002408757613591684,
    "scores_by_location": {
        "Not Present": {
            "precision": null,
            "recall": null,
            "f1": null
        },
        "Page Text": {
            "precision": 0.0008869179600886918,
            "recall": 0.06060606060606061,
            "f1": 0.0017482517482517483
        },
        "Page Text, Table Caption": {
            "precision": 0.0074285714285714285,
            "recall": 1.0,
            "f1": 0.014747589336358481
        },
        "Page Text, Table Caption, Table Column": {
            "precision": 0.010752688172043012,
            "recall": 1.0,
            "f1": 0.021276595744680854
        },
        "Page Text, Table Caption, Table Header": {
            "precision": 0.010631644777986242,
            "recall": 1.0,
            "f1": 0.021039603960396044
        },
        "Page Text, Table Column": {
            "precision": 0.00547645125958379,
            "recall": 0.45454545454545453,
            "f1": 0.010822510822510822
        },
        "Page Text, Table Column, Table Caption": {
            "precision": 0.007692307692307693,
            "recall": 1.0,
            "f1": 0.015267175572519085
        },
        "Page Text, Table Header": {
            "precision": 0.02027027027027027,
            "recall": 1.0,
            "f1": 0.03973509933774835
        },
        "Page Text, Table Header, Table Cell": {
            "precision": null,
            "recall": null,
            "f1": null
        },
        "Table Column": {
            "precision": 0.0008994423457456377,
            "recall": 0.03793626707132018,
            "f1": 0.0017572221831728403
        },
        "Table Column, Page Text": {
            "precision": 0.0,
            "recall": 0.0,
            "f1": NaN
        },
        "Table Header": {
            "precision": 0.0038240917782026767,
            "recall": 1.0,
            "f1": 0.007619047619047619
        },
        "plot": {
            "precision": 0.0,
            "recall": 0.0,
            "f1": NaN
        },
        "table": {
            "precision": 0.0,
            "recall": 0.0,
            "f1": NaN
        },
        "text": {
            "precision": 0.0,
            "recall": 0.0,
            "f1": NaN
        }
    }
}