{
    "precision": 0.0005860551514989659,
    "recall": 0.7863304578633046,
    "f1": 0.0011712373752224485,
    "scores_by_location": {
        "Not Present": {
            "precision": null,
            "recall": null,
            "f1": null
        },
        "Page Text": {
            "precision": 0.0008530385232197086,
            "recall": 0.8620689655172413,
            "f1": 0.0017043905099536406
        },
        "Page Text, Table Caption": {
            "precision": 0.0006158899609936358,
            "recall": 1.0,
            "f1": 0.0012310217480508822
        },
        "Page Text, Table Caption, Table Column": {
            "precision": 0.0018275967103259215,
            "recall": 1.0,
            "f1": 0.003648525387655823
        },
        "Page Text, Table Caption, Table Header": {
            "precision": 0.0014878347628216348,
            "recall": 1.0,
            "f1": 0.00297124879839203
        },
        "Page Text, Table Column": {
            "precision": 0.0015263291783261257,
            "recall": 1.0,
            "f1": 0.0030480060960121924
        },
        "Page Text, Table Column, Table Caption": {
            "precision": 0.0009732360097323601,
            "recall": 1.0,
            "f1": 0.0019445794846864367
        },
        "Page Text, Table Header": {
            "precision": 0.0051813471502590676,
            "recall": 1.0,
            "f1": 0.010309278350515464
        },
        "Page Text, Table Header, Table Cell": {
            "precision": 0.0003716090672612412,
            "recall": 1.0,
            "f1": 0.0007429420505200595
        },
        "Table Column": {
            "precision": 0.001049798832964749,
            "recall": 0.7786561264822134,
            "f1": 0.0020967707601592268
        },
        "Table Column, Page Text": {
            "precision": 0.00038654812524159255,
            "recall": 1.0,
            "f1": 0.0007727975270479133
        },
        "Table Header": {
            "precision": 0.00028555111364934324,
            "recall": 1.0,
            "f1": 0.0005709391949757351
        },
        "plot": {
            "precision": 0.0008126777732629012,
            "recall": 1.0,
            "f1": 0.0016240357287860333
        },
        "table": {
            "precision": 0.0017532674529805547,
            "recall": 1.0,
            "f1": 0.003500397772474145
        },
        "text": {
            "precision": 0.00029394473838918284,
            "recall": 1.0,
            "f1": 0.0005877167205406994
        }
    }
}