{
    "precision": 0.0009957627118644067,
    "recall": 0.8608058608058609,
    "f1": 0.001989224329483267,
    "scores_by_location": {
        "Not Present": {
            "precision": null,
            "recall": null,
            "f1": null
        },
        "Page Text": {
            "precision": 0.0011001100110011,
            "recall": 1.0,
            "f1": 0.002197802197802198
        },
        "Page Text, Table Caption": {
            "precision": 0.0058823529411764705,
            "recall": 1.0,
            "f1": 0.011695906432748537
        },
        "Page Text, Table Caption, Table Column": {
            "precision": 0.006944444444444444,
            "recall": 1.0,
            "f1": 0.013793103448275862
        },
        "Page Text, Table Caption, Table Header": {
            "precision": 0.00548780487804878,
            "recall": 1.0,
            "f1": 0.01091570648878108
        },
        "Page Text, Table Column": {
            "precision": 0.006666666666666667,
            "recall": 1.0,
            "f1": 0.013245033112582783
        },
        "Page Text, Table Header, Table Cell": {
            "precision": 0.0014749262536873156,
            "recall": 1.0,
            "f1": 0.0029455081001472753
        },
        "Table Column": {
            "precision": 0.004822497240137121,
            "recall": 0.8217821782178217,
            "f1": 0.00958872458410351
        },
        "Table Column, Page Text": {
            "precision": 0.0018484288354898336,
            "recall": 1.0,
            "f1": 0.0036900369003690036
        },
        "Table Header": {
            "precision": null,
            "recall": null,
            "f1": null
        },
        "table": {
            "precision": 0.001610305958132045,
            "recall": 1.0,
            "f1": 0.003215434083601286
        },
        "text": {
            "precision": null,
            "recall": null,
            "f1": null
        }
    }
}