{
    "precision": 0.0016396739494763009,
    "recall": 0.4818956336528222,
    "f1": 0.0032682275914246045,
    "scores_by_location": {
        "Not Present": {
            "precision": null,
            "recall": null,
            "f1": null
        },
        "Page Text": {
            "precision": 0.0024875621890547263,
            "recall": 0.1111111111111111,
            "f1": 0.004866180048661801
        },
        "Page Text, Table Caption": {
            "precision": 0.006233766233766234,
            "recall": 1.0,
            "f1": 0.012390294269488901
        },
        "Page Text, Table Caption, Table Column": {
            "precision": 0.002638522427440633,
            "recall": 1.0,
            "f1": 0.005263157894736842
        },
        "Page Text, Table Caption, Table Header": {
            "precision": 0.009810333551340745,
            "recall": 1.0,
            "f1": 0.019430051813471502
        },
        "Page Text, Table Column": {
            "precision": null,
            "recall": null,
            "f1": null
        },
        "Page Text, Table Column, Table Caption": {
            "precision": 1.0,
            "recall": 1.0,
            "f1": 1.0
        },
        "Page Text, Table Header": {
            "precision": 0.011235955056179775,
            "recall": 1.0,
            "f1": 0.02222222222222222
        },
        "Page Text, Table Header, Table Cell": {
            "precision": 0.1111111111111111,
            "recall": 1.0,
            "f1": 0.19999999999999998
        },
        "Table Column": {
            "precision": 0.002910691466704529,
            "recall": 0.41414141414141414,
            "f1": 0.005780754317941487
        },
        "Table Column, Page Text": {
            "precision": 0.023255813953488372,
            "recall": 1.0,
            "f1": 0.04545454545454545
        },
        "Table Header": {
            "precision": null,
            "recall": null,
            "f1": null
        },
        "plot": {
            "precision": 0.0061633281972265025,
            "recall": 1.0,
            "f1": 0.012251148545176112
        },
        "table": {
            "precision": 0.005425935973955507,
            "recall": 1.0,
            "f1": 0.010793308148947653
        },
        "text": {
            "precision": 0.004830917874396135,
            "recall": 1.0,
            "f1": 0.009615384615384614
        }
    }
}