{
    "precision": 0.01412460308770393,
    "recall": 0.2006220839813375,
    "f1": 0.0263911620294599,
    "scores_by_location": {
        "Not Present": {
            "precision": null,
            "recall": null,
            "f1": null
        },
        "Page Text": {
            "precision": 1.0,
            "recall": 0.058823529411764705,
            "f1": 0.1111111111111111
        },
        "Page Text, Table Caption": {
            "precision": 1.0,
            "recall": 1.0,
            "f1": 1.0
        },
        "Page Text, Table Caption, Table Column": {
            "precision": 1.0,
            "recall": 1.0,
            "f1": 1.0
        },
        "Page Text, Table Caption, Table Header": {
            "precision": 0.0718954248366013,
            "recall": 1.0,
            "f1": 0.13414634146341461
        },
        "Page Text, Table Column": {
            "precision": 1.0,
            "recall": 1.0,
            "f1": 1.0
        },
        "Page Text, Table Header, Table Cell": {
            "precision": 0.015384615384615385,
            "recall": 1.0,
            "f1": 0.030303030303030307
        },
        "Table Column": {
            "precision": 0.039961941008563276,
            "recall": 0.20388349514563106,
            "f1": 0.06682577565632458
        },
        "Table Column, Page Text": {
            "precision": 0.0,
            "recall": 0.0,
            "f1": NaN
        },
        "Table Header": {
            "precision": 0.015384615384615385,
            "recall": 1.0,
            "f1": 0.030303030303030307
        },
        "table": {
            "precision": 0.0,
            "recall": 0.0,
            "f1": NaN
        },
        "text": {
            "precision": 0.0,
            "recall": 0.0,
            "f1": NaN
        }
    }
}