{
    "precision": 0.00046545241587135725,
    "recall": 0.9015017667844523,
    "f1": 0.0009304244463210967,
    "scores_by_location": {
        "Not Present": {
            "precision": null,
            "recall": null,
            "f1": null
        },
        "Page Text": {
            "precision": 0.00030163890471562155,
            "recall": 0.6923076923076923,
            "f1": 0.0006030150753768846
        },
        "Page Text, Table Caption": {
            "precision": 0.0007017051434987018,
            "recall": 1.0,
            "f1": 0.0014024261973213659
        },
        "Page Text, Table Caption, Table Column": {
            "precision": 0.0017814726840855108,
            "recall": 1.0,
            "f1": 0.003556609365737997
        },
        "Page Text, Table Caption, Table Header": {
            "precision": 0.0014330270589227008,
            "recall": 1.0,
            "f1": 0.002861952861952862
        },
        "Page Text, Table Column": {
            "precision": 0.0007158196134574087,
            "recall": 0.5,
            "f1": 0.001429592566118656
        },
        "Page Text, Table Column, Table Caption": {
            "precision": 0.0008900756564307966,
            "recall": 1.0,
            "f1": 0.0017785682525566918
        },
        "Page Text, Table Header": {
            "precision": 0.005639097744360902,
            "recall": 1.0,
            "f1": 0.011214953271028037
        },
        "Page Text, Table Header, Table Cell": {
            "precision": 0.0003629764065335753,
            "recall": 1.0,
            "f1": 0.0007256894049346878
        },
        "Table Column": {
            "precision": 0.0007645338926139827,
            "recall": 0.7914438502673797,
            "f1": 0.0015275921329005154
        },
        "Table Column, Page Text": {
            "precision": 0.0005023863350916855,
            "recall": 1.0,
            "f1": 0.0010042681395932714
        },
        "Table Header": {
            "precision": 0.0002672367717797969,
            "recall": 1.0,
            "f1": 0.0005343307507347047
        },
        "plot": {
            "precision": 0.0009313877677739833,
            "recall": 1.0,
            "f1": 0.001861042183622829
        },
        "table": {
            "precision": 0.001551364716148737,
            "recall": 1.0,
            "f1": 0.003097923423205383
        },
        "text": {
            "precision": 0.00022977941176470588,
            "recall": 1.0,
            "f1": 0.00045945325063174823
        }
    }
}