{
    "precision": 0.002267220076293755,
    "recall": 0.8842105263157894,
    "f1": 0.004522843049568805,
    "scores_by_location": {
        "Not Present": {
            "precision": null,
            "recall": null,
            "f1": null
        },
        "Page Text": {
            "precision": 0.007075471698113208,
            "recall": 0.5,
            "f1": 0.013953488372093025
        },
        "Page Text, Table Caption": {
            "precision": 0.0042352941176470585,
            "recall": 1.0,
            "f1": 0.008434864104967197
        },
        "Page Text, Table Caption, Table Column": {
            "precision": 0.0020222446916076846,
            "recall": 1.0,
            "f1": 0.004036326942482341
        },
        "Page Text, Table Caption, Table Header": {
            "precision": 0.008254716981132075,
            "recall": 1.0,
            "f1": 0.016374269005847954
        },
        "Page Text, Table Column": {
            "precision": null,
            "recall": null,
            "f1": null
        },
        "Page Text, Table Column, Table Caption": {
            "precision": 1.0,
            "recall": 1.0,
            "f1": 1.0
        },
        "Page Text, Table Header": {
            "precision": 0.011235955056179775,
            "recall": 1.0,
            "f1": 0.02222222222222222
        },
        "Page Text, Table Header, Table Cell": {
            "precision": 0.07142857142857142,
            "recall": 1.0,
            "f1": 0.13333333333333333
        },
        "Table Column": {
            "precision": 0.004062060961456233,
            "recall": 0.76,
            "f1": 0.008080930826016951
        },
        "Table Column, Page Text": {
            "precision": 0.020833333333333332,
            "recall": 1.0,
            "f1": 0.04081632653061225
        },
        "Table Header": {
            "precision": null,
            "recall": null,
            "f1": null
        },
        "plot": {
            "precision": null,
            "recall": null,
            "f1": null
        },
        "table": {
            "precision": 0.004506534474988734,
            "recall": 1.0,
            "f1": 0.008972633467922835
        },
        "text": {
            "precision": 0.003432494279176201,
            "recall": 1.0,
            "f1": 0.0068415051311288486
        }
    }
}