{
    "precision": 0.00155492696805783,
    "recall": 0.4986737400530504,
    "f1": 0.003100187165554941,
    "scores_by_location": {
        "Not Present": {
            "precision": null,
            "recall": null,
            "f1": null
        },
        "Page Text": {
            "precision": 0.000375234521575985,
            "recall": 0.1111111111111111,
            "f1": 0.0007479431563201198
        },
        "Page Text, Table Caption": {
            "precision": 0.007174887892376682,
            "recall": 1.0,
            "f1": 0.014247551202137132
        },
        "Page Text, Table Caption, Table Column": {
            "precision": 0.012345679012345678,
            "recall": 1.0,
            "f1": 0.024390243902439022
        },
        "Page Text, Table Caption, Table Header": {
            "precision": 0.008424599831508003,
            "recall": 1.0,
            "f1": 0.01670843776106934
        },
        "Page Text, Table Column": {
            "precision": 0.02,
            "recall": 1.0,
            "f1": 0.0392156862745098
        },
        "Page Text, Table Header, Table Cell": {
            "precision": null,
            "recall": null,
            "f1": null
        },
        "Table Column": {
            "precision": 0.004696468951121934,
            "recall": 0.3624161073825503,
            "f1": 0.009272774104919721
        },
        "Table Column, Page Text": {
            "precision": 0.001932367149758454,
            "recall": 1.0,
            "f1": 0.003857280617164899
        },
        "Table Header": {
            "precision": 0.0022675736961451248,
            "recall": 1.0,
            "f1": 0.004524886877828055
        },
        "table": {
            "precision": 0.006535947712418301,
            "recall": 1.0,
            "f1": 0.012987012987012988
        },
        "text": {
            "precision": 0.0044444444444444444,
            "recall": 1.0,
            "f1": 0.008849557522123894
        }
    }
}