{
    "precision": 0.018313696479800804,
    "recall": 0.7125307125307125,
    "f1": 0.035709573859888294,
    "scores_by_location": {
        "Not Present": {
            "precision": null,
            "recall": null,
            "f1": null
        },
        "Page Text": {
            "precision": 0.02965599051008304,
            "recall": 0.7352941176470589,
            "f1": 0.05701254275940708
        },
        "Page Text, Table Caption": {
            "precision": 0.02425876010781671,
            "recall": 1.0,
            "f1": 0.047368421052631574
        },
        "Page Text, Table Caption, Table Column": {
            "precision": 0.06060606060606061,
            "recall": 1.0,
            "f1": 0.1142857142857143
        },
        "Page Text, Table Caption, Table Header": {
            "precision": 0.04712041884816754,
            "recall": 1.0,
            "f1": 0.09
        },
        "Page Text, Table Column": {
            "precision": 0.041666666666666664,
            "recall": 0.875,
            "f1": 0.07954545454545454
        },
        "Page Text, Table Column, Table Caption": {
            "precision": 0.030303030303030304,
            "recall": 1.0,
            "f1": 0.05882352941176471
        },
        "Page Text, Table Header": {
            "precision": 0.16216216216216217,
            "recall": 1.0,
            "f1": 0.27906976744186046
        },
        "Page Text, Table Header, Table Cell": {
            "precision": 0.0136986301369863,
            "recall": 1.0,
            "f1": 0.027027027027027025
        },
        "Table Column": {
            "precision": 0.031825795644891124,
            "recall": 0.7224334600760456,
            "f1": 0.06096582704957485
        },
        "Table Column, Page Text": {
            "precision": 0.011235955056179775,
            "recall": 1.0,
            "f1": 0.02222222222222222
        },
        "Table Header": {
            "precision": 0.25,
            "recall": 0.5,
            "f1": 0.3333333333333333
        },
        "plot": {
            "precision": 0.013888888888888888,
            "recall": 1.0,
            "f1": 0.0273972602739726
        },
        "table": {
            "precision": 0.04992867332382311,
            "recall": 1.0,
            "f1": 0.0951086956521739
        },
        "text": {
            "precision": 0.011627906976744186,
            "recall": 1.0,
            "f1": 0.022988505747126436
        }
    }
}