{
    "precision": 0.617460986925348,
    "recall": 0.8536443148688047,
    "f1": 0.7165932452276065,
    "scores_by_location": {
        "Not Present": {
            "precision": null,
            "recall": null,
            "f1": null
        },
        "Page Text": {
            "precision": 0.8043478260869565,
            "recall": 0.9487179487179487,
            "f1": 0.8705882352941177
        },
        "Page Text, Table Caption": {
            "precision": 0.7727272727272727,
            "recall": 1.0,
            "f1": 0.8717948717948718
        },
        "Page Text, Table Caption, Table Column": {
            "precision": 0.6666666666666666,
            "recall": 1.0,
            "f1": 0.8
        },
        "Page Text, Table Caption, Table Header": {
            "precision": 0.45714285714285713,
            "recall": 0.8888888888888888,
            "f1": 0.6037735849056604
        },
        "Page Text, Table Column": {
            "precision": 0.5384615384615384,
            "recall": 1.0,
            "f1": 0.7000000000000001
        },
        "Page Text, Table Column, Table Caption": {
            "precision": 0.6666666666666666,
            "recall": 1.0,
            "f1": 0.8
        },
        "Page Text, Table Header": {
            "precision": 1.0,
            "recall": 1.0,
            "f1": 1.0
        },
        "Page Text, Table Header, Table Cell": {
            "precision": 0.1111111111111111,
            "recall": 1.0,
            "f1": 0.19999999999999998
        },
        "Table Column": {
            "precision": 0.5884861407249466,
            "recall": 0.9355932203389831,
            "f1": 0.7225130890052355
        },
        "Table Column, Page Text": {
            "precision": 0.2727272727272727,
            "recall": 0.5,
            "f1": 0.3529411764705882
        },
        "Table Header": {
            "precision": 0.1,
            "recall": 1.0,
            "f1": 0.18181818181818182
        },
        "plot": {
            "precision": 0.2222222222222222,
            "recall": 0.11764705882352941,
            "f1": 0.15384615384615383
        },
        "table": {
            "precision": 0.6507936507936508,
            "recall": 0.8723404255319149,
            "f1": 0.7454545454545455
        },
        "text": {
            "precision": 1.0,
            "recall": 0.8,
            "f1": 0.888888888888889
        }
    }
}