{
    "precision": 0.03476845687231839,
    "recall": 0.6891495601173021,
    "f1": 0.06619718309859154,
    "scores_by_location": {
        "Not Present": {
            "precision": null,
            "recall": null,
            "f1": null
        },
        "Page Text": {
            "precision": 0.018867924528301886,
            "recall": 0.3333333333333333,
            "f1": 0.03571428571428571
        },
        "Page Text, Table Caption": {
            "precision": 0.19298245614035087,
            "recall": 1.0,
            "f1": 0.3235294117647059
        },
        "Page Text, Table Caption, Table Column": {
            "precision": 0.2,
            "recall": 1.0,
            "f1": 0.33333333333333337
        },
        "Page Text, Table Caption, Table Header": {
            "precision": 0.10091743119266056,
            "recall": 1.0,
            "f1": 0.18333333333333332
        },
        "Page Text, Table Column": {
            "precision": 0.25,
            "recall": 1.0,
            "f1": 0.4
        },
        "Page Text, Table Header, Table Cell": {
            "precision": 0.02,
            "recall": 1.0,
            "f1": 0.0392156862745098
        },
        "Table Column": {
            "precision": 0.09007981755986318,
            "recall": 0.6370967741935484,
            "f1": 0.15784215784215785
        },
        "Table Column, Page Text": {
            "precision": 0.028985507246376812,
            "recall": 1.0,
            "f1": 0.05633802816901409
        },
        "Table Header": {
            "precision": 0.0,
            "recall": 0.0,
            "f1": null
        },
        "table": {
            "precision": 0.02857142857142857,
            "recall": 1.0,
            "f1": 0.05555555555555556
        },
        "text": {
            "precision": 0.027777777777777776,
            "recall": 1.0,
            "f1": 0.05405405405405406
        }
    }
}