{
    "precision": 0.08962536023054755,
    "recall": 0.8962536023054755,
    "f1": 0.16295520041917735,
    "scores_by_location": {
        "Not Present": {
            "precision": null,
            "recall": null,
            "f1": null
        },
        "Page Text": {
            "precision": 0.1956521739130435,
            "recall": 1.0,
            "f1": 0.32727272727272727
        },
        "Page Text, Table Caption": {
            "precision": 0.1702127659574468,
            "recall": 0.8888888888888888,
            "f1": 0.2857142857142857
        },
        "Page Text, Table Caption, Table Column": {
            "precision": 0.16666666666666666,
            "recall": 1.0,
            "f1": 0.2857142857142857
        },
        "Page Text, Table Caption, Table Header": {
            "precision": 0.05921052631578947,
            "recall": 0.9,
            "f1": 0.1111111111111111
        },
        "Page Text, Table Column": {
            "precision": 0.2,
            "recall": 1.0,
            "f1": 0.33333333333333337
        },
        "Page Text, Table Header, Table Cell": {
            "precision": null,
            "recall": null,
            "f1": null
        },
        "Table Column": {
            "precision": 0.12448559670781893,
            "recall": 0.952755905511811,
            "f1": 0.22020018198362146
        },
        "Table Column, Page Text": {
            "precision": 0.015151515151515152,
            "recall": 1.0,
            "f1": 0.02985074626865672
        },
        "Table Header": {
            "precision": 0.05263157894736842,
            "recall": 1.0,
            "f1": 0.1
        },
        "table": {
            "precision": 0.05,
            "recall": 1.0,
            "f1": 0.09523809523809523
        },
        "text": {
            "precision": 0.03225806451612903,
            "recall": 1.0,
            "f1": 0.0625
        }
    }
}