{
    "precision": 0.01052114750648804,
    "recall": 0.7172743574417214,
    "f1": 0.020738103673236613,
    "scores_by_location": {
        "Footnote": {
            "precision": 0.014723926380368098,
            "recall": 0.7142857142857143,
            "f1": 0.028853089685020438
        },
        "Not Present": {
            "precision": null,
            "recall": null,
            "f1": null
        },
        "Page Text": {
            "precision": 0.004899587505083564,
            "recall": 0.6023809523809524,
            "f1": 0.009720114489886087
        },
        "Table Caption": {
            "precision": 0.11040092969203952,
            "recall": 0.753968253968254,
            "f1": 0.1926001013684744
        },
        "Table Cell": {
            "precision": 0.2727272727272727,
            "recall": 1.0,
            "f1": 0.42857142857142855
        },
        "Table Column": {
            "precision": 0.02050735734736001,
            "recall": 0.7394957983193278,
            "f1": 0.0399080042758576
        },
        "Table Header": {
            "precision": 0.03143712574850299,
            "recall": 0.9545454545454546,
            "f1": 0.0608695652173913
        }
    }
}