{
    "precision": 0.0449438202247191,
    "recall": 0.25,
    "f1": 0.07619047619047618,
    "scores_by_location": {
        "Footnote": {
            "precision": 0.0,
            "recall": 0.0,
            "f1": null
        },
        "Not Present": {
            "precision": null,
            "recall": null,
            "f1": null
        },
        "Page Text": {
            "precision": 0.08737864077669903,
            "recall": 0.20454545454545456,
            "f1": 0.12244897959183676
        },
        "Table Column": {
            "precision": 0.06557377049180328,
            "recall": 0.46153846153846156,
            "f1": 0.11483253588516748
        },
        "Table Header": {
            "precision": 0.0379746835443038,
            "recall": 0.3,
            "f1": 0.06741573033707866
        }
    }
}