{
    "precision": 8.665792865886023e-05,
    "recall": 0.0022185246810870773,
    "f1": 0.00016680045453123856,
    "scores_by_location": {
        "Footnote": {
            "precision": 0.0,
            "recall": 0.0,
            "f1": NaN
        },
        "Not Present": {
            "precision": null,
            "recall": null,
            "f1": null
        },
        "Page Text": {
            "precision": 0.0,
            "recall": 0.0,
            "f1": NaN
        },
        "Table Caption": {
            "precision": 0.0,
            "recall": 0.0,
            "f1": NaN
        },
        "Table Cell": {
            "precision": 0.05128205128205128,
            "recall": 1.0,
            "f1": 0.09756097560975609
        },
        "Table Column": {
            "precision": 0.0006291946308724832,
            "recall": 0.001540041067761807,
            "f1": 0.0008933889219773674
        },
        "Table Header": {
            "precision": 0.004665629860031105,
            "recall": 0.0136986301369863,
            "f1": 0.0069605568445475635
        },
        "generic": {
            "precision": null,
            "recall": null,
            "f1": null
        }
    }
}