{
    "precision": 0.14914826498422712,
    "recall": 0.6201469045120671,
    "f1": 0.24046383887702166,
    "scores_by_location": {
        "Footnote": {
            "precision": 0.23735408560311283,
            "recall": 0.7176470588235294,
            "f1": 0.35672514619883045
        },
        "Not Present": {
            "precision": null,
            "recall": null,
            "f1": null
        },
        "Page Text": {
            "precision": 0.0801538954793203,
            "recall": 0.4208754208754209,
            "f1": 0.13466199838405601
        },
        "Table Caption": {
            "precision": 0.6678571428571428,
            "recall": 0.722007722007722,
            "f1": 0.6938775510204082
        },
        "Table Cell": {
            "precision": 0.5454545454545454,
            "recall": 0.75,
            "f1": 0.631578947368421
        },
        "Table Column": {
            "precision": 0.18040621266427717,
            "recall": 0.6974595842956121,
            "f1": 0.28666350261034645
        },
        "Table Header": {
            "precision": 0.19314641744548286,
            "recall": 0.7948717948717948,
            "f1": 0.3107769423558897
        },
        "generic": {
            "precision": null,
            "recall": null,
            "f1": null
        }
    }
}