{
    "precision": 0.005239308977626735,
    "recall": 0.3162393162393162,
    "f1": 0.010307842317871569,
    "scores_by_location": {
        "Footnote": {
            "precision": 0.0,
            "recall": 0.0,
            "f1": NaN
        },
        "Not Present": {
            "precision": null,
            "recall": null,
            "f1": null
        },
        "Page Text": {
            "precision": 0.008028545941123996,
            "recall": 0.3103448275862069,
            "f1": 0.01565217391304348
        },
        "Table Column": {
            "precision": 0.009002520705797623,
            "recall": 0.5319148936170213,
            "f1": 0.01770538243626062
        },
        "Table Header": {
            "precision": 0.005008347245409015,
            "recall": 1.0,
            "f1": 0.009966777408637873
        }
    }
}