{
    "precision": 0.02697514649424126,
    "recall": 0.7275204359673024,
    "f1": 0.052021432050657575,
    "scores_by_location": {
        "Footnote": {
            "precision": 0.10309278350515463,
            "recall": 1.0,
            "f1": 0.18691588785046725
        },
        "Not Present": {
            "precision": null,
            "recall": null,
            "f1": null
        },
        "Page Text": {
            "precision": 0.0248102203295686,
            "recall": 0.6232558139534884,
            "f1": 0.04772079772079772
        },
        "Table Column": {
            "precision": 0.05215281989084294,
            "recall": 0.819047619047619,
            "f1": 0.09806157354618016
        },
        "Table Header": {
            "precision": 0.02064896755162242,
            "recall": 1.0,
            "f1": 0.04046242774566474
        }
    }
}