{
    "precision": 0.0029057700290577005,
    "recall": 0.04489393191909225,
    "f1": 0.005458253358925144,
    "scores_by_location": {
        "Footnote": {
            "precision": 0.01238390092879257,
            "recall": 0.04678362573099415,
            "f1": 0.019583843329253368
        },
        "Not Present": {
            "precision": null,
            "recall": null,
            "f1": null
        },
        "Page Text": {
            "precision": 0.001889049807946603,
            "recall": 0.025041736227045076,
            "f1": 0.003513086246267346
        },
        "Table Caption": {
            "precision": 0.05994550408719346,
            "recall": 0.04480651731160896,
            "f1": 0.05128205128205129
        },
        "Table Cell": {
            "precision": 0.027777777777777776,
            "recall": 1.0,
            "f1": 0.05405405405405406
        },
        "Table Column": {
            "precision": 0.011265052440761363,
            "recall": 0.04436511983681795,
            "f1": 0.017967781908302356
        },
        "Table Header": {
            "precision": 0.08,
            "recall": 0.14655172413793102,
            "f1": 0.1035007610350076
        },
        "generic": {
            "precision": null,
            "recall": null,
            "f1": null
        }
    }
}