{
    "precision": 0.16876971608832808,
    "recall": 0.766109785202864,
    "f1": 0.2766049116760017,
    "scores_by_location": {
        "Footnote": {
            "precision": 0.9166666666666666,
            "recall": 0.28205128205128205,
            "f1": 0.4313725490196078
        },
        "Not Present": {
            "precision": null,
            "recall": null,
            "f1": null
        },
        "Page Text": {
            "precision": 0.18436578171091444,
            "recall": 0.9920634920634921,
            "f1": 0.3109452736318408
        },
        "Table Column": {
            "precision": 0.5697674418604651,
            "recall": 0.4188034188034188,
            "f1": 0.48275862068965525
        },
        "Table Header": {
            "precision": 0.2391304347826087,
            "recall": 1.0,
            "f1": 0.3859649122807018
        }
    }
}