{
    "precision": 0.14206672091131,
    "recall": 0.480726872246696,
    "f1": 0.21931918100741113,
    "scores_by_location": {
        "Footnote": {
            "precision": 0.37575757575757573,
            "recall": 0.6595744680851063,
            "f1": 0.47876447876447875
        },
        "Not Present": {
            "precision": null,
            "recall": null,
            "f1": null
        },
        "Page Text": {
            "precision": 0.08528301886792453,
            "recall": 0.4028520499108734,
            "f1": 0.14076611647461848
        },
        "Table Caption": {
            "precision": 0.4186046511627907,
            "recall": 0.45454545454545453,
            "f1": 0.4358353510895884
        },
        "Table Cell": {
            "precision": 1.0,
            "recall": 0.08333333333333333,
            "f1": 0.15384615384615385
        },
        "Table Column": {
            "precision": 0.2007042253521127,
            "recall": 0.5435041716328963,
            "f1": 0.29315332690453233
        },
        "Table Header": {
            "precision": 0.16363636363636364,
            "recall": 0.4090909090909091,
            "f1": 0.23376623376623376
        },
        "generic": {
            "precision": null,
            "recall": null,
            "f1": null
        }
    }
}