{
    "precision": 0.5099654530959341,
    "recall": 0.9288480154888674,
    "f1": 0.6584319780408303,
    "scores_by_location": {
        "Footnote": {
            "precision": 0.671875,
            "recall": 1.0,
            "f1": 0.8037383177570093
        },
        "Not Present": {
            "precision": null,
            "recall": null,
            "f1": null
        },
        "Page Text": {
            "precision": 0.5960264900662252,
            "recall": 0.8987161198288159,
            "f1": 0.7167235494880546
        },
        "Table Caption": {
            "precision": 0.8315789473684211,
            "recall": 1.0,
            "f1": 0.9080459770114944
        },
        "Table Cell": {
            "precision": 0.9230769230769231,
            "recall": 1.0,
            "f1": 0.9600000000000001
        },
        "Table Column": {
            "precision": 0.6994727592267135,
            "recall": 0.9128440366972477,
            "f1": 0.7920398009950247
        },
        "Table Header": {
            "precision": 0.5702127659574469,
            "recall": 1.0,
            "f1": 0.7262872628726287
        },
        "generic": {
            "precision": null,
            "recall": null,
            "f1": null
        }
    }
}