{
    "precision": 0.013382103666696404,
    "recall": 0.7172743574417214,
    "f1": 0.02627401609283485,
    "scores_by_location": {
        "Footnote": {
            "precision": 0.019065776930409915,
            "recall": 0.7142857142857143,
            "f1": 0.037140204271123495
        },
        "Not Present": {
            "precision": null,
            "recall": null,
            "f1": null
        },
        "Page Text": {
            "precision": 0.006733917116925288,
            "recall": 0.6023809523809524,
            "f1": 0.013318943960411675
        },
        "Table Caption": {
            "precision": 0.12393998695368558,
            "recall": 0.753968253968254,
            "f1": 0.21288515406162464
        },
        "Table Cell": {
            "precision": 0.34615384615384615,
            "recall": 1.0,
            "f1": 0.5142857142857142
        },
        "Table Column": {
            "precision": 0.023292747485442033,
            "recall": 0.7394957983193278,
            "f1": 0.0451629458557865
        },
        "Table Header": {
            "precision": 0.04144736842105263,
            "recall": 0.9545454545454546,
            "f1": 0.0794451450189155
        }
    }
}