{
    "precision": 0.008850534343485024,
    "recall": 0.5923438549361988,
    "f1": 0.017440480898520922,
    "scores_by_location": {
        "Footnote": {
            "precision": 0.021559468199784406,
            "recall": 0.6976744186046512,
            "f1": 0.04182642035552457
        },
        "Not Present": {
            "precision": null,
            "recall": null,
            "f1": null
        },
        "Page Text": {
            "precision": 0.004582433332660436,
            "recall": 0.5483091787439613,
            "f1": 0.009088907128986409
        },
        "Table Caption": {
            "precision": 0.0908203125,
            "recall": 0.484375,
            "f1": 0.15296052631578946
        },
        "Table Cell": {
            "precision": 0.0625,
            "recall": 1.0,
            "f1": 0.11764705882352941
        },
        "Table Column": {
            "precision": 0.020237050043898155,
            "recall": 0.6420612813370473,
            "f1": 0.03923738190484296
        },
        "Table Header": {
            "precision": 0.0290519877675841,
            "recall": 0.5,
            "f1": 0.05491329479768786
        }
    }
}