{
    "precision": 0.028304208712773813,
    "recall": 0.6424581005586593,
    "f1": 0.05421970768505422,
    "scores_by_location": {
        "Footnote": {
            "precision": 0.06581740976645435,
            "recall": 0.775,
            "f1": 0.1213307240704501
        },
        "Not Present": {
            "precision": null,
            "recall": null,
            "f1": null
        },
        "Page Text": {
            "precision": 0.04481579946828713,
            "recall": 0.5221238938053098,
            "f1": 0.08254634487583071
        },
        "Table Column": {
            "precision": 0.026970954356846474,
            "recall": 0.8552631578947368,
            "f1": 0.05229283990345938
        },
        "Table Header": {
            "precision": 0.030303030303030304,
            "recall": 1.0,
            "f1": 0.05882352941176471
        }
    }
}