{
    "precision": 0.26520438683948155,
    "recall": 0.6318289786223278,
    "f1": 0.3735955056179775,
    "scores_by_location": {
        "Footnote": {
            "precision": 0.5333333333333333,
            "recall": 1.0,
            "f1": 0.6956521739130436
        },
        "Not Present": {
            "precision": null,
            "recall": null,
            "f1": null
        },
        "Page Text": {
            "precision": 0.23498233215547704,
            "recall": 0.5175097276264592,
            "f1": 0.32320777642770354
        },
        "Table Column": {
            "precision": 0.3115942028985507,
            "recall": 0.8037383177570093,
            "f1": 0.4490861618798956
        },
        "Table Header": {
            "precision": 0.15555555555555556,
            "recall": 0.4117647058823529,
            "f1": 0.22580645161290322
        }
    }
}