{
    "precision": 0.4686131386861314,
    "recall": 0.7181208053691275,
    "f1": 0.5671378091872792,
    "scores_by_location": {
        "Footnote": {
            "precision": 0.9166666666666666,
            "recall": 0.28205128205128205,
            "f1": 0.4313725490196078
        },
        "Not Present": {
            "precision": null,
            "recall": null,
            "f1": null
        },
        "Page Text": {
            "precision": 0.5952380952380952,
            "recall": 0.9920634920634921,
            "f1": 0.7440476190476191
        },
        "Table Column": {
            "precision": 0.6805555555555556,
            "recall": 0.37404580152671757,
            "f1": 0.4827586206896552
        },
        "Table Header": {
            "precision": 0.34375,
            "recall": 0.44,
            "f1": 0.3859649122807018
        }
    }
}