{
    "precision": 0.002973635806253832,
    "recall": 0.02409339294585196,
    "f1": 0.005293892921464825,
    "scores_by_location": {
        "Footnote": {
            "precision": 0.013675213675213675,
            "recall": 0.044444444444444446,
            "f1": 0.020915032679738564
        },
        "Not Present": {
            "precision": null,
            "recall": null,
            "f1": null
        },
        "Page Text": {
            "precision": 0.004971590909090909,
            "recall": 0.03553299492385787,
            "f1": 0.008722741433021807
        },
        "Table Caption": {
            "precision": 0.009708737864077669,
            "recall": 0.002036659877800407,
            "f1": 0.003367003367003367
        },
        "Table Cell": {
            "precision": 0.1111111111111111,
            "recall": 1.0,
            "f1": 0.19999999999999998
        },
        "Table Column": {
            "precision": 0.005105296745373325,
            "recall": 0.012403100775193798,
            "f1": 0.007233273056057867
        },
        "Table Header": {
            "precision": 0.03364485981308411,
            "recall": 0.07692307692307693,
            "f1": 0.04681404421326398
        },
        "generic": {
            "precision": null,
            "recall": null,
            "f1": null
        }
    }
}