{
    "precision": 0.011884389948123695,
    "recall": 0.5923438549361988,
    "f1": 0.023301278664271372,
    "scores_by_location": {
        "Footnote": {
            "precision": 0.029339853300733496,
            "recall": 0.6976744186046512,
            "f1": 0.056311590802440165
        },
        "Not Present": {
            "precision": null,
            "recall": null,
            "f1": null
        },
        "Page Text": {
            "precision": 0.00655860853485886,
            "recall": 0.5483091787439613,
            "f1": 0.0129621698786581
        },
        "Table Caption": {
            "precision": 0.125,
            "recall": 0.484375,
            "f1": 0.1987179487179487
        },
        "Table Cell": {
            "precision": 0.08333333333333333,
            "recall": 1.0,
            "f1": 0.15384615384615385
        },
        "Table Column": {
            "precision": 0.02410583559924702,
            "recall": 0.6420612813370473,
            "f1": 0.04646709001108759
        },
        "Table Header": {
            "precision": 0.04,
            "recall": 0.5,
            "f1": 0.07407407407407407
        }
    }
}