{
    "precision": 0.04219143576826197,
    "recall": 0.07519640852974187,
    "f1": 0.05405405405405406,
    "scores_by_location": {
        "Footnote": {
            "precision": null,
            "recall": null,
            "f1": null
        },
        "Not Present": {
            "precision": null,
            "recall": null,
            "f1": null
        },
        "Page Text": {
            "precision": 0.049107142857142856,
            "recall": 0.10357815442561205,
            "f1": 0.06662628709872805
        },
        "Table Column": {
            "precision": 0.05,
            "recall": 0.0037174721189591076,
            "f1": 0.006920415224913494
        },
        "Table Header": {
            "precision": 0.2391304347826087,
            "recall": 1.0,
            "f1": 0.3859649122807018
        }
    }
}