{
    "precision": 0.028854824165915238,
    "recall": 0.7392739273927392,
    "f1": 0.05554178031242251,
    "scores_by_location": {
        "Footnote": {
            "precision": 0.06753812636165578,
            "recall": 0.775,
            "f1": 0.12424849699398798
        },
        "Not Present": {
            "precision": null,
            "recall": null,
            "f1": null
        },
        "Page Text": {
            "precision": 0.04666666666666667,
            "recall": 0.6549707602339181,
            "f1": 0.08712563204978607
        },
        "Table Column": {
            "precision": 0.027449324324324325,
            "recall": 0.8552631578947368,
            "f1": 0.05319148936170213
        },
        "Table Header": {
            "precision": 0.03076923076923077,
            "recall": 1.0,
            "f1": 0.059701492537313446
        }
    }
}