{
    "precision": 0.2478448275862069,
    "recall": 0.539906103286385,
    "f1": 0.3397341211225997,
    "scores_by_location": {
        "Footnote": {
            "precision": 0.5,
            "recall": 0.775,
            "f1": 0.607843137254902
        },
        "Not Present": {
            "precision": null,
            "recall": null,
            "f1": null
        },
        "Page Text": {
            "precision": 0.30179028132992325,
            "recall": 0.4338235294117647,
            "f1": 0.3559577677224736
        },
        "Table Column": {
            "precision": 0.16795865633074936,
            "recall": 0.7647058823529411,
            "f1": 0.2754237288135593
        },
        "Table Header": {
            "precision": 0.23880597014925373,
            "recall": 0.5517241379310345,
            "f1": 0.33333333333333326
        }
    }
}